name,city,location
"Urban Chestnut Brewing Company","Saint Louis","[38.63774588,-90.22558603]"
"Barley Island Brewing Company",Noblesville,"[40.045274,-86.015334]"
"Samuel Adams Brewery","Jamaica Plain","[42.31451355,-71.10318078]"
"Figueroa Mountain Brewing Company","Santa Barbara","[34.41457978,-119.6908621]"
"Bitter Brothers Brewing Co.","San Diego","[32.8028741,-117.2121683]"
"Minneapolis Town Hall Brewery",Minneapolis,"[44.973194,-93.2478]"
"Bad Tom Smith Brewing",Cincinnati,"[39.11976,-84.41839]"
"Clayton Brewing Company","San Dimas","[34.10608,-117.81773]"
"Slanted Rock Brewing Co",Meridian,"[43.59133291,-116.3666511]"
"Total Wine & More",Naples,"[26.209177,-81.768152]"
"Jailbreak Brewing Company",Laurel,"[39.12405088,-76.82314061]"
"Cellar 3",Poway,"[32.94044,-117.03436]"
"Big Grove Brewery",Solon,"[41.8069,-91.4955]"
"Total Wine & More",Fremont,"[37.503025,-121.97528]"
"Fry's Marketplace",Phoenix,"[33.30389,-111.99888]"
"World of Beer",Orlando,"[28.542401,-81.372239]"
"Outer Banks Brewing Station","Kill Devil Hills","[36.00948,-75.65945]"
"Brewery Terra Firma","Traverse City","[44.71511826,-85.63491321]"
"Breckenridge Brewery & Pub",Breckenridge,"[39.4792,-106.0457]"
"BJ's Restaurant and Brewhouse",Pearland,"[29.555548,-95.393452]"
"Saint Archer Brewing Company","San Diego","[32.88051394,-117.1631384]"
"Gordon Biersch Brewery Restaurant",Seattle,"[47.61275608,-122.3348397]"
"3 Sheeps Brewing Company",Sheboygan,"[43.75947972,-87.7216719]"
"Prost Brewing",Denver,"[39.76138,-105.00667]"
"Smoky Mountain Brewery","Pigeon Forge","[35.80689,-83.57754]"
"The Cork and Craft","San Diego","[33.02385,-117.08575]"
"The Oregon Public House",Portland,"[45.57153,-122.65816]"
Kroger,Houston,"[29.748711,-95.500832]"
"Wingman Brewers",Tacoma,"[47.240946,-122.427718]"
"People's Brewing Company",Lafayette,"[40.43762132,-86.88658209]"
"Black Cloister Brewing Company",Toledo,"[41.6499,-83.5401]"
"Petaluma Hills Brewing Company",Petaluma,"[38.27209893,-122.663877]"
"United Way of Greater Milwaukee",Milwaukee,"[43.05308479,-87.91315556]"
"BJ's Restaurant & Brewhouse","West Covina","[34.07299,-117.88683]"
"World of Beer",Tampa,"[28.0433,-82.5922]"
"Pranksters Too",Scottsdale,"[33.47895458,-111.9110298]"
"The Hoppy Brewer",Gresham,"[45.49994,-122.43068]"
"Draught House Pub & Brewery",Austin,"[30.310074,-97.742758]"
"Hurry Back",Nashville,"[36.15117618,-86.80452485]"
"603 Brewery",Londonderry,"[42.9164,-71.3629]"
"Trve Brewing Co.",Denver,"[39.71993776,-104.9876958]"
"McMenamins Raleigh Hills Pub",Portland,"[45.4874,-122.74751]"
"Hamburger Mary's",Chicago,"[41.97997,-87.66856]"
"Natty Greene's Pub & Brewing Co.",Greensboro,"[36.06943,-79.7905]"
"Jekyll Brewing",Alpharetta,"[34.08836,-84.24685]"
"Carmody Irish Pub and Brewing",Duluth,"[46.78997367,-92.09406017]"
"De La Vega's Pecan Grill and Brewery","Las Cruces","[32.31473412,-106.744547]"
"Bushwhacker Cider - Brooklyn",Portland,"[45.500323,-122.652954]"
"Southern Brewing Company",Athens,"[33.98343851,-83.34810019]"
"Cranker's Restaurant & Brewery - Mount Pleasant","Mount Pleasant","[43.61218873,-84.76272556]"
"Bj's Restaurant & Brewhouse",Arlington,"[32.67922647,-97.11079359]"
"Corcoran Brewing Company",Purcellville,"[39.14342025,-77.71259305]"
"Grizzly Peak Brewing Co","Ann Arbor","[42.28055,-83.7488]"
"Goodlife Brewing Co",Bend,"[44.0506,-121.3305]"
"BJ's Restaurant and Brewhouse",Escondido,"[33.069057,-117.06838]"
"8-bit Aleworks",Avondale,"[33.45448735,-112.3263172]"
"Lone Tree Brewery Co.","Lone Tree","[39.56258375,-104.8928082]"
"Jamba Juice",Golden,"[39.73696,-105.160425]"
"Ten 10 Brewing Company",Orlando,"[28.563698,-81.36597]"
"World of Beer",Denver,"[39.750288,-104.999768]"
"Vine and Brew",Okemos,"[42.68242,-84.43542]"
"McKenzie Brew House",Malvern,"[40.0399,-75.543]"
"Emmett's Brewing Company",Wheaton,"[41.865105,-88.10773]"
"Evil Czech Brewery",Mishawaka,"[41.69397,-86.18279]"
"Leesburg Brewing Company",Leesburg,"[39.11439,-77.56541]"
"Swamp Head Brewery",Gainesville,"[29.62488,-82.38912]"
"Rooftop Brewing Company",Seattle,"[47.65576655,-122.3730073]"
"Relic Brewing",Plainville,"[41.66653538,-72.86782597]"
"New Glarus Brewing Company","New Glarus","[42.79571556,-89.62972641]"
"BJ's Restaurant and Brewhouse","Las Vegas","[36.26974225,-115.261461]"
"Mayflower Brewing Company",Plymouth,"[41.94919,-70.711544]"
"Bauhaus Brew Labs",Minneapolis,"[45.000889,-93.24494224]"
"Granite City Food & Brewery","Fort Wayne","[41.1114,-85.13592]"
"Jackalope Brewing Company",Nashville,"[36.15035077,-86.7793107]"
"Greenbush Brewing Company",Sawyer,"[41.885659,-86.594577]"
"Lost Rhino Brewing Company",Ashburn,"[39.01601,-77.47567]"
"Twisted Pine Brewing Company",Boulder,"[40.02061,-105.25113]"
"Radius Brewing Company",Emporia,"[38.40537942,-96.18131161]"
"Indeed Brewing Company",Minneapolis,"[45.00332792,-93.25146792]"
"Cloudburst Brewing",Seattle,"[47.611705,-122.345117]"
"The Brewer's Art",Baltimore,"[39.30277,-76.61637]"
"Small Batch Beer Co","Winston Salem","[36.0997,-80.2471]"
"White Star Ale House","Cedar Rapids","[41.978546,-91.66631]"
"Blue Tarp Brewing Co",Decatur,"[33.77379,-84.28353]"
"Third Base Brewing Company","Cedar Rapids","[42.03506216,-91.63978457]"
"Fat Head's Brewery & Saloon","North Olmsted","[41.4263,-81.8942]"
"Oggis Pizza & Brewing Co",Tustin,"[33.742405,-117.81726]"
"McMenamins Mill Creek",Bothell,"[47.876667,-122.212327]"
"Flix Brewhouse","Round Rock","[30.4887,-97.6799]"
Bevmo,Ventura,"[34.2723,-119.2476]"
"Red Horn Coffee House & Brewing Co","Cedar Park","[30.53396191,-97.7809602]"
"Bel Lago Vineyards & Winery",Cedar,"[44.884,-85.7248]"
"Denver Chop House & Brewery",Denver,"[39.85380962,-104.6738076]"
"Earth Bread & Brewery",Philadelphia,"[40.059185,-75.19041]"
Copious,Columbus,"[39.95147,-82.99834]"
Kroger,Houston,"[29.977857,-95.490986]"
"Pisgah Brewing Company","Black Mountain","[35.60766154,-82.35853672]"
"Firetrucker Brewery",Ankeny,"[41.73002,-93.60989]"
"Wichita Brewing Company & Pizzeria",Wichita,"[37.69527,-97.26341]"
"Palmaz Vineyards",Napa,"[38.3232,-122.2244]"
"Gordon Biersch Brewery Restaurant",Broomfield,"[39.93066919,-105.1352119]"
"Cartel Coffee Lab",Scottsdale,"[33.49834,-111.92758]"
"Rock Bottom Restaurant & Brewery",Seattle,"[47.6091,-122.3342]"
"Wicked Weed Brewing",Asheville,"[35.5917,-82.5511]"
"Iron Hill Brewery & Restaurant",Phoenixville,"[40.13398,-75.51377]"
"Bj's Restaurant and Brewhouse",Phoenix,"[33.67719348,-111.9765937]"
"Total Wine More",Goodyear,"[33.46237,-112.35832]"
"Sufferfest Beer Co","San Jose","[37.315174,-121.866429]"
"The Post Brewing Company",Lafayette,"[39.994526,-105.091286]"
"Old Ox Brewery",Ashburn,"[39.02376615,-77.45480491]"
"Sun King Tap Room and Small-Batch Brewery",Fishers,"[39.928238,-86.02452]"
"Middle Ages Brewing Company",Syracuse,"[43.05102913,-76.16199431]"
"Blue Bee Cider LLC",Richmond,"[37.5256,-77.4414]"
"Alehouse On Winslow","Bainbridge Island","[47.6246,-122.5138]"
"Granite City Food & Brewery",Naperville,"[41.8029,-88.129329]"
"Anderson Valley Brewing Company",Boonville,"[39.00074292,-123.3567667]"
"BJ's Restaurant and Brewhouse",Frederick,"[39.383755,-77.402943]"
"Mayo Family Winery","Glen Ellen","[38.3705194,-122.5171231]"
"Urban Growler Brewing Company","Saint Paul","[44.97037,-93.19323]"
"Gizmo Brew Works",Raleigh,"[35.89589,-78.74511]"
"Barebottle Brewing Company","San Francisco","[37.7401129,-122.409035]"
"Atlas Brew Works",Washington,"[38.9149,-76.9814]"
"Burial Beer Co.",Asheville,"[35.588,-82.5538]"
"Granite City Food & Brewery",Wichita,"[37.7308,-97.4632]"
"Marble Brewery",Albuquerque,"[35.0928,-106.6467]"
"Preyer Brewing Company",Greensboro,"[36.07939157,-79.79394234]"
"Gordon Biersch Brewery Restaurant",Bolingbrook,"[41.71863909,-88.04074287]"
"Total Wine & More",Henderson,"[36.056609,-115.048332]"
"Fox and Hound English Pub",Lubbock,"[33.52071643,-101.9017878]"
"Mother's Brewing Company",Springfield,"[37.20754199,-93.29898171]"
"The Genesee Brew House",Rochester,"[43.1636,-77.6149]"
"Schram Vineyards",Waconia,"[44.84318145,-93.74558687]"
"Austin Street Brewery",Portland,"[43.70274921,-70.32015343]"
"Total Wine & More",Atlanta,"[33.927508,-84.344618]"
"Birdsong Brewing",Charlotte,"[35.2407,-80.8144]"
"5 Seasons Brewing",Atlanta,"[33.78434,-84.4191]"
"Prescott Brewing Company",Prescott,"[34.5419,-112.4715]"
"Woods Bar and Brewery",Oakland,"[37.807009,-122.270489]"
"Gordon Biersch Brewery Restaurant","Virginia Beach","[36.8433,-76.1347]"
"Reaver Beach Brewing Company","Virginia Beach","[36.78814335,-76.06032153]"
"Moosejaw Pizza & Dells Brewing Co","Wisconsin Dells","[43.5888,-89.7918]"
"Total Wine & More",Vancouver,"[45.65761,-122.58897]"
"Total Wine & More","Las Vegas","[36.1631,-115.2885]"
"Pinthouse Pizza",Austin,"[30.236082,-97.795906]"
"Nebraska Brewing Company",Papillion,"[41.13448407,-96.02715969]"
"Bon March√© Brasserie & Bar","San Francisco","[37.776778,-122.41688]"
"Brix City Brewing","Little Ferry","[40.85639,-74.0431]"
"Reverend Nat's Hard Cider",Portland,"[45.53599,-122.66411]"
"Bj's Restaurant and Brewhouse",Temple,"[31.09187671,-97.38579597]"
BevMo!,"San Luis Obispo","[35.2524,-120.6878]"
"Big Al Brewing",Seattle,"[47.51445567,-122.3526385]"
"Bartlett Hall","San Francisco","[37.786354,-122.40912]"
"Perennial Artisan Ales","Saint Louis","[38.545544,-90.26534]"
"BJ's Restaurant and Brewhouse",Gainesville,"[29.6596,-82.4135]"
"Zero One Ale House","San Angelo","[31.46244547,-100.4376887]"
"Rusty Nickel Brewing",Buffalo,"[42.8324,-78.7422]"
"Total Wine & More",Dallas,"[32.875763,-96.769597]"
"Gordon Biersch Brewery Restaurant","Kansas City","[39.097344,-94.58298]"
"Wasserhund Brewing Company","Virginia Beach","[36.8494,-76.0283]"
"Two22 Brew",Aurora,"[39.635204,-104.75914]"
"Pizza Box",Portland,"[45.5199111,-122.6564392]"
"Escutcheon Brewing Co.",Winchester,"[39.19538,-78.16305]"
"Fat Point Brewing","Punta Gorda","[26.942034,-82.02922]"
"Fall Brewing Co.","San Diego","[32.75998009,-117.1302984]"
"Granite City Food & Brewery",Northville,"[42.423885,-83.43549]"
"Culmination Brewing",Portland,"[45.52894,-122.64396]"
"The Lone Girl Brewing Company",Waunakee,"[43.19179,-89.45434]"
"Total Wine & More",Burnsville,"[44.74665,-93.28977]"
"Total Wine & More",Charlotte,"[35.302614,-80.748495]"
"Empirical Brewery",Chicago,"[41.975968,-87.675137]"
"Harmon Tap Room",Tacoma,"[47.26204115,-122.4458349]"
"Torched Hop Brewing Company",Atlanta,"[33.772327,-84.37923]"
"Big Dog's Draft House","Las Vegas","[36.24262,-115.235886]"
"BJ's Restaurant and Brewhouse",Orlando,"[28.37549264,-81.50220168]"
"Sin City Brewing Co.","Las Vegas","[36.1088524,-115.1696777]"
"The Bakers' Brewery LLC",Silverthorne,"[39.629753,-106.06746]"
"10 Barrel Brewing",Portland,"[45.5259,-122.6856]"
"West Sixth Brewing Company",Lexington,"[38.0594455,-84.49198723]"
"Bell's Brewery Inc",Galesburg,"[42.2843,-85.4539]"
"Gordon Biersch Brewery Restaurant",Phoenix,"[33.65442339,-111.9290972]"
"Tuckerman Brewing Co",Conway,"[43.9752,-71.1296]"
"Dos Desperados Brewery","San Marcos","[33.137132,-117.193487]"
"Cannon Brew Pub",Columbus,"[32.4664,-84.9935]"
"The Brewery",Louisville,"[38.24821076,-85.73074981]"
"Alameda Brewhouse",Portland,"[45.5485,-122.6136]"
"New Hope Winery","New Hope","[40.350922,-75.012533]"
"Some Brewing Company",York,"[43.15059686,-70.66592932]"
"Ursula Brewery",Aurora,"[39.74794063,-104.8372883]"
"Left Hand Brewing Co",Longmont,"[40.1586,-105.1155]"
"Fegley's Allentown Brew Works",Allentown,"[40.6013926,-75.47421813]"
"Montauk Brewing Company",Montauk,"[41.03671015,-71.94402705]"
"Coppertail Brewing Company",Tampa,"[27.95607195,-82.43028689]"
"Bozeman Brewing Company",Bozeman,"[45.684788,-111.024]"
"Diving Dog Brewhouse",Oakland,"[37.80769756,-122.2697725]"
Bevmo,Antioch,"[37.96173,-121.73561]"
"Pratt Street Ale House",Baltimore,"[39.2866,-76.618154]"
"Nectar Wine Lounge (reported Closed)",Burlingame,"[37.579006,-122.345822]"
"Pyramid Alehouse",Seattle,"[47.59157826,-122.3343515]"
"BJ'S Restaurant & Brewhouse","College Station","[30.6278,-96.3043]"
"Total Wine More","Redondo Beach","[33.86776,-118.35284]"
"Gordon Biersch","Myrtle Beach","[33.6686265,-78.93937318]"
"Crux Fermentation Project",Bend,"[44.05054,-121.30782]"
"Total Wine More",Gilbert,"[33.30696,-111.74324]"
"PA Wine & Spirits",Hatfield,"[40.29092518,-75.26610413]"
"Fordham Brewing Co.",Dover,"[39.154007,-75.48836]"
"Redhook Brewery",Woodinville,"[47.7329,-122.1499]"
"Ram Restaurant & Brewery",Puyallup,"[47.115047,-122.290318]"
"All About Brewing","El Cajon","[32.804488,-116.971242]"
"Fry's Marketplace",Phoenix,"[33.58129,-111.97913]"
"Mainstreet Pub",Melbourne,"[28.0784,-80.6091]"
"Summit Brewing Company","Saint Paul","[44.9143,-93.1404]"
"Bull City Burger and Brewery",Durham,"[35.99553937,-78.89989499]"
"Total Wine More","Boynton Beach","[26.53532,-80.09047]"
"Foothills Brewing","Winston Salem","[36.09752626,-80.25093734]"
"Oggi's Pizza & Brewing Co",Orange,"[33.827366,-117.8378]"
"Founders Brewing Co.","Grand Rapids","[42.958393,-85.673706]"
"Wilson Winery",Healdsburg,"[38.63925652,-122.9010508]"
"Corsair Artisan Distillery & Taproom",Nashville,"[36.16501,-86.79527]"
"Pearl Brewery","San Antonio","[29.443813,-98.47995]"
"Pacific Beach AleHouse","San Diego","[32.79425,-117.25526]"
"Argilla Brewing Company",Newark,"[39.707405,-75.6842]"
"BJ's Restaurant and Brewhouse",Tucson,"[32.2214,-110.8746]"
"Wapiti Colorado Pub","Estes Park","[40.37633418,-105.5259991]"
"Pismo Brewing Company","Pismo Beach","[35.14149,-120.640594]"
"McMenamins Queen Anne",Seattle,"[47.6257,-122.35213]"
"Total Wine & More",Brookfield,"[43.036555,-88.128037]"
"The Unknown Brewery",Charlotte,"[35.220505,-80.85754]"
"Black Sands Brewery","San Francisco","[37.771455,-122.433855]"
"Pale Fire Brewing Co.",Harrisonburg,"[38.44707325,-78.87199368]"
"Free State Brewing Company",Lawrence,"[38.97170321,-95.23576524]"
"Tired Hands Brewing Company",Ardmore,"[40.00852,-75.29362]"
"Beer Belly's Beverage","State College","[40.787525,-77.857124]"
"Granite City Food & Brewery","Kansas City","[39.123824,-94.825226]"
"Highland Water",Denver,"[39.692422,-104.891554]"
"Main Street Station Casino, Brewery & Hotel","Las Vegas","[36.174527,-115.144582]"
"Gravity Brewing",Louisville,"[39.977,-105.1292]"
"Beach City Brewery","Huntington Beach","[33.704205,-117.99508]"
"Oceanside Ale Works",Oceanside,"[33.21166604,-117.2727525]"
"Oak City Brewing",Knightdale,"[35.79379229,-78.47663467]"
"Max's Fanno Creek Brew Pub",Portland,"[45.42904102,-122.7739566]"
"Chino Valley Brewery",Ontario,"[34.04127,-117.61754]"
"Bj's Restaurant & Brewhouse",Mesquite,"[32.809719,-96.62306]"
"Smoky Mountain Brewery",Gatlinburg,"[35.70754,-83.52044]"
"Woodland Empire Ale Craft",Boise,"[43.616471,-116.208927]"
"Rock Bottom Brewery",Broomfield,"[39.88925351,-105.0693297]"
"Rock Bottom Brewery",Denver,"[39.7474795,-104.994972]"
"Brewery Bar III","Lone Tree","[39.554344,-104.8831]"
"Loowit Brewing Company",Vancouver,"[45.625195,-122.67368]"
"Rogue Ales Public House",Astoria,"[46.1967,-123.7973]"
"Hops Haven",Sheboygan,"[43.75886,-87.72299]"
"Thunder Canyon Brewery",Tucson,"[32.3405,-111.0127]"
"La Legendaria","San Antonio","[22.13076115,-101.0190167]"
"The Homebrewer","San Diego","[32.755108,-117.13119]"
"Fortside Brewing Company",Vancouver,"[45.63834,-122.60109]"
"Borderlands Brewing Company",Tucson,"[32.225517,-110.97023]"
"Pyramid Alehouse","Walnut Creek","[37.89925,-122.061844]"
"The Brewer's Cabinet",Reno,"[39.52055,-119.81728]"
"Three Floyds Brewery & Pub",Munster,"[41.53537437,-87.51645416]"
"Bear Republic Brewery",Healdsburg,"[38.61107363,-122.8713542]"
"BJ's Restaurant and Brewhouse","Elk Grove","[38.4195,-121.3969]"
"BJ's Restaurant and Brewhouse",Webster,"[29.545121,-95.132374]"
"Gresso's Restaurant & Bar",Columbus,"[39.94243031,-82.99705188]"
"Oggis Pizza & Brewing Co","Apple Valley","[34.471004,-117.24479]"
Subway,Milwaukee,"[43.059647,-87.914116]"
"Stone Cellar Brewpub",Appleton,"[44.2532,-88.4034]"
"Barley And Hops Grill & Microbrewery",Frederick,"[39.382034,-77.39959]"
"Mother Road Brewing Company",Flagstaff,"[35.19693,-111.65228]"
"Flossmoor Station Restaurant & Brewery",Flossmoor,"[41.54341748,-87.67874049]"
"Bootlegger's Homemade Wine",Gatlinburg,"[35.71148,-83.51991]"
"Mad Fox Brewing Company","Falls Church","[38.88636,-77.17721]"
"Hope Valley Brewing Co",Durham,"[35.9205,-78.9595]"
"Cool Springs Brewery",Franklin,"[35.9443,-86.81992]"
"Total Wine & More","Paradise Valley","[33.580005,-111.926293]"
"Platform Brewhouse",Cleveland,"[41.47992098,-81.71400137]"
"Ramblin Road Craft Brewery",Spokane,"[47.66405,-117.39479]"
"Total Wine & More",Sacramento,"[38.59629,-121.41646]"
"Perry Street Brewing",Spokane,"[47.646243,-117.389928]"
"Loveland Aleworks",Loveland,"[40.3955,-105.0775]"
"Double Shift Brewing Co","Kansas City","[39.0916,-94.5786]"
"Mike Hess Brewing","San Diego","[32.747669,-117.128426]"
"Lake Anne Brew House",Reston,"[38.96795,-77.34198]"
"Connolly's On Fifth",Charlotte,"[35.2277,-80.8415]"
"Blue Palms Brewhouse","Los Angeles","[34.101624,-118.32295]"
"Veterans United Craft Brewery",Jacksonville,"[30.2012,-81.5569]"
"Barrel Head Brewhouse","San Francisco","[37.775757,-122.446098]"
"Jc's Kitchen",Durham,"[35.99034,-78.89252]"
"Denver Beer Co.",Denver,"[39.758293,-105.007188]"
"Stem Ciders",Denver,"[39.761694,-104.98384]"
"BJ's Restaurant and Brewhouse",Wichita,"[37.6797,-97.2087]"
"Scotty's Brewhouse","Fort Wayne","[41.058647,-85.22204]"
"Magnolia Gastropub & Brewery","San Francisco","[37.770223,-122.445354]"
"Night Shift Brewing",Everett,"[42.40498,-71.06851]"
"Egan & Son's",Montclair,"[40.8176,-74.2118]"
"Atwater Brewery",Detroit,"[42.33716188,-83.01855308]"
"Total Wine More",Orlando,"[28.49666,-81.42882]"
"BJ's Restaurant and Brewhouse",Corona,"[33.8244,-117.5172]"
"BJ's Restaurant and Brewhouse","New Braunfels","[29.72967,-98.07594]"
"The Grumpy Troll Brew Pub and Pizzeria","Mount Horeb","[43.00811841,-89.73821353]"
"Blind Onion Pizza and Pub",Portland,"[45.53537,-122.62979]"
"Fate Brewing Company",Boulder,"[40.015041,-105.246272]"
"Total Wine More",Raleigh,"[35.90748,-78.78551]"
"Calistoga Inn Restaurant Brewery",Calistoga,"[38.57666,-122.57979]"
"Sequoia Brewing Company",Fresno,"[36.757757,-119.802251]"
"Fox Brewing","West Des Moines","[41.568626,-93.71905]"
"Brewer's Cask",Baltimore,"[39.27518204,-76.61217116]"
"Total Wine and More","San Antonio","[29.609572,-98.595519]"
"Bayne Brewing Company",Cornelius,"[35.478436,-80.89096]"
"Stickman Brews",Royersford,"[40.19566,-75.5337]"
"Coventry Kitchens, Inc.",Malvern,"[40.036598,-75.563778]"
"Lakefront Brewery",Milwaukee,"[43.05487205,-87.90517087]"
"Central Standard Brewing",Wichita,"[37.6847,-97.3184]"
in.gredients,Austin,"[30.285122,-97.714821]"
"Bj's Restaurant and Brewhouse - Mesa",Mesa,"[33.3848762,-111.6908199]"
"Red Cypress Brewery LLC","Winter Springs","[28.7049,-81.281]"
"Court Avenue Restaurant & Brewing Company","Des Moines","[41.58541709,-93.62106538]"
"Three Four Beer","Fort Collins","[40.57601,-105.096046]"
"The Phoenix Ale Brewery",Phoenix,"[33.44864,-112.016716]"
"Total Wine & More",Lynnwood,"[47.831968,-122.269871]"
"Seven Bridges Grille & Brewery",Jacksonville,"[30.261524,-81.553796]"
"Altamont Brewery",Asheville,"[35.58159263,-82.60428517]"
"Red Brick Station Restaurant & Brew Pub",Nottingham,"[39.372063,-76.46448]"
"Amplified Ale Works","San Diego","[32.7912903,-117.2544098]"
"Total Wine & More",Bellevue,"[47.618561,-122.179574]"
"Big Beaver Brewing Co",Loveland,"[40.4077239,-105.1144095]"
"Portsmouth Brewery",Portsmouth,"[43.078007,-70.757599]"
"Lagerhead's Smokehouse",Medina,"[41.19722,-81.88717]"
"Epidemic Ales",Concord,"[38.009935,-122.038984]"
"Big Bear Brewing Co.","Pompano Beach","[26.2538,-80.2541]"
"Torn Label Brewing Company","Kansas City","[39.092512,-94.573292]"
"Hopping Gnome Brewing Company",Wichita,"[37.68624845,-97.31676826]"
"Sin City Brewing Company","Las Vegas","[36.1087032,-115.1724238]"
"American Fresh Brewhouse Beer Garden",Somerville,"[42.39387423,-71.08039825]"
BevMo!,"San Jose","[37.307797,-121.900794]"
"Flagstaff Brewing Company",Flagstaff,"[35.19755788,-111.6484685]"
"The Bronx Brewery",Bronx,"[40.801727,-73.910149]"
"Ale Asylum",Madison,"[43.120481,-89.354343]"
"Greenpoint Beer and Ale Company",Brooklyn,"[40.72495778,-73.95725727]"
"Goose Island Brewery Restaurant",Chicago,"[41.97683224,-87.89725542]"
"BJ's Restaurant and Brewhouse",Broomfield,"[39.888157,-105.074265]"
"Tommyknocker Brewery & Pub","Idaho Springs","[39.7418,-105.5178]"
"Iron Springs Pub & Brewery",Fairfax,"[37.98617,-122.58404]"
"Bastone Brewery","Royal Oak","[42.4866,-83.144]"
"Center of the Universe Brewing Company",Ashland,"[37.70885566,-77.4469105]"
"Cask & Larder","Winter Park","[28.5934,-81.3561]"
"Harmonic Brewing","San Francisco","[37.7516236,-122.3900315]"
"BJ's Restaurant and Brewhouse",Allen,"[33.12741173,-96.66023355]"
"Wing Nutz",Orem,"[40.2779,-111.6773]"
"Pacific Coast Brewing-oakland",Oakland,"[37.801439,-122.27432]"
"Fire Station 1 Restaurant & Brewing Co.","Silver Spring","[38.99161405,-77.02628521]"
"Hop Valley Brewing Co.",Eugene,"[44.05819,-123.10751]"
"10 Barrel Brewing",Boise,"[43.617672,-116.202835]"
"512 Brewing Company",Austin,"[30.2234,-97.76974]"
"Dangerous Man Brewing Co",Minneapolis,"[45.00100202,-93.26619963]"
Fuddruckers,Fairfield,"[38.258827,-122.05986]"
"Bonfire Brewing",Eagle,"[39.65533268,-106.8287319]"
"Mugshots Burger N' Brew",Bellevue,"[47.6226,-122.1323]"
"Bloodhound Brew",Orlando,"[28.49397,-81.45925]"
Kroger,Mesquite,"[32.81378817,-96.63404703]"
"Napa Smith Brewery & Winery",Napa,"[38.2243,-122.2568]"
"Bugnutty Brewing Company","Merritt Island","[28.36932,-80.70044]"
"Southern Brewing",Tampa,"[27.98616652,-82.45157221]"
"Chuck's Cafe",Syracuse,"[43.04206,-76.13652]"
"Strangeways Brewing",Richmond,"[37.5864,-77.4832]"
"Carolina Brewing Company","Holly Springs","[35.655663,-78.85283]"
"Funky Buddha Brewery And Lounge","Boca Raton","[26.37512163,-80.07667454]"
"BJ's Restaurant and Brewhouse","Chino Hills","[33.9808,-117.7018]"
"Fiction Beer Company",Denver,"[39.74032636,-104.9056578]"
"White Flame Brewing",Hudsonville,"[42.864382,-85.870885]"
"Hifi Homebrew and Bbq Supply",Clearwater,"[27.981428,-82.754754]"
"Falling Sky Brewing",Eugene,"[44.0451,-123.0921]"
"Irish Bred Pub",Opelika,"[32.647247,-85.38011]"
"TwoDEEP Brewing Co.",Indianapolis,"[39.777147,-86.161506]"
"Redhook Brewery",Portsmouth,"[43.08790761,-70.80425765]"
"Rock Bottom Restaurant & Brwry",Cincinnati,"[39.103198,-84.506489]"
"Total Wine & More",Olympia,"[47.040651,-122.930972]"
"Total Wine & More",Stuart,"[27.235792,-80.270372]"
"Wanderlust Brewing Company",Flagstaff,"[35.20238,-111.618256]"
"Old Ivy Brewery and Taproom",Vancouver,"[45.62901,-122.67225]"
"Porch Swing Pub",Houston,"[29.770039,-95.397675]"
"Sketchbook Brewing Co.",Evanston,"[42.03292054,-87.67903358]"
"Total Wine & More",Chesapeake,"[36.7782,-76.2326]"
"Widmer Brothers Brewing Company",Portland,"[45.54106084,-122.6769239]"
"Fenton Winery & Brewery",Fenton,"[42.852455,-83.70322]"
"Tenacity Brewing",Flint,"[43.01534,-83.69711]"
"The Answer Brewpub Co",Richmond,"[37.59358,-77.50793]"
"Total Wine & More",Columbia,"[34.0742,-81.1601]"
"Total Wine & More","Altamonte Springs","[28.661719,-81.385296]"
"The Rams Head",Portland,"[45.52691,-122.69844]"
"Copperpoint Brewing Company","Boynton Beach","[26.559551,-80.07302]"
"New England Brewing Company",Woodbridge,"[41.33920684,-72.97987027]"
"Milwaukee Brewing Company",Milwaukee,"[43.024912,-87.91285499]"
"Sbc Restaurant & Brewery",Southport,"[41.13948,-73.277596]"
"Deep Ellum Brewing Co",Dallas,"[32.780614,-96.781678]"
"Elephant & Castle",Chicago,"[41.879234,-87.63126]"
"Verboten Brewing",Loveland,"[40.3966,-105.0755]"
"Triple Voodoo Brewery & Tap Room","San Francisco","[37.76119,-122.388537]"
"The Dew Drop Inn DC",Washington,"[38.92601596,-76.99492133]"
"Triple Rock Brewery-Ale House",Berkeley,"[37.873527,-122.268766]"
"BJ's Restaurant and Brewhouse",Glendale,"[34.146404,-118.255104]"
"Three Notch'd Brewing Company",Charlottesville,"[38.03767,-78.49114]"
"Chatty Monks Brewing Company",Reading,"[40.335606,-75.95019]"
"Prairie Street Brewhouse",Rockford,"[42.27329,-89.08717]"
"Justice Brewing",Everett,"[47.98507,-122.18844]"
"Twin Peaks",Phoenix,"[33.5091,-112.0359367]"
"Courtyard Brewery","New Orleans","[29.939,-90.0701]"
"BJ's Restaurant and Brewhouse","San Antonio","[29.607653,-98.6011]"
"Water Street Brewery",Grafton,"[43.318462,-87.918816]"
"Gillette Brewing Company",Gillette,"[44.292183,-105.50401]"
"Red Clay Ciderworks",Charlotte,"[35.19456,-80.87482]"
"BJ's Restaurant and Brewhouse",Valencia,"[34.41742048,-118.5616153]"
"Aardwolf Brewing Company",Jacksonville,"[30.31072728,-81.65454165]"
"Powerhouse Brewing Company",Columbus,"[39.20251003,-85.92170119]"
"Rahr & Sons Brewing Co.","Fort Worth","[32.7368,-97.3276]"
"Hangar 24 Craft Brewery",Redlands,"[34.0831,-117.142]"
"Marinades Pizza Bistro",Rockford,"[43.1209,-85.5585]"
"Wing Nutz","South Jordan","[40.54126672,-111.980719]"
"Bns Brewing & Distillery",Santee,"[32.84627942,-116.9582416]"
"Project Pie","Chula Vista","[32.63060682,-117.0869671]"
"BJ's Restaurant and Brewhouse","Las Vegas","[36.015797,-115.118004]"
"Gordon Biersch Brewery Restaurant",Atlanta,"[33.843385,-84.372368]"
"Bj's Restaurant & Brewhouse",Mcallen,"[26.195129,-98.25944]"
"Ram Restaurant & Brewery",Seattle,"[47.66412289,-122.2980666]"
"Van Dyck",Schenectady,"[42.8165101,-73.94317775]"
"Sweetwater Tavern",Centreville,"[38.829315,-77.43901]"
BevMo!,Escondido,"[33.1125,-117.1024]"
"Garage Brewing Co",Temecula,"[33.486077,-117.144504]"
"Big Choice Brewing",Broomfield,"[39.9104,-105.07845]"
"Downeast Cider House",Charlestown,"[42.38269985,-71.05047226]"
"Starr Hill Brewery",Crozet,"[38.069092,-78.68753672]"
"Intrinsic Smokehouse & Brewery",Garland,"[32.913612,-96.637024]"
"Track 7 Brewing Co",Sacramento,"[38.538878,-121.482026]"
"Total Wine & More","Mc Lean","[38.931152,-77.179294]"
"Our Mutual Friend Brewing Company",Denver,"[39.76060651,-104.9825338]"
"Duck Rabbit Craft Brewery",Farmville,"[35.600414,-77.59628]"
"Thirsty Dog Brewing Company",Akron,"[41.06884456,-81.51766397]"
"The Draught Haus",Columbus,"[40.104404,-83.09119]"
"Manayunk Brewery and Restaurant",Philadelphia,"[40.022568,-75.21874]"
"Realerevival Brewing",Cambridge,"[38.57023838,-76.07758641]"
"Iron Horse Brewery",Ellensburg,"[46.99611386,-120.5485016]"
"Buckeye Beer Engine",Lakewood,"[41.47709,-81.80415]"
"Total Wine More",Spokane,"[47.74748,-117.40382]"
"Revolver Brewery",Granbury,"[32.417637,-97.67024]"
"Midnight Brewery",Rockville,"[37.69892,-77.66573]"
"Speakeasy Ales & Lagers","San Francisco","[37.73838696,-122.3809036]"
"The Abner Ale House",Norman,"[35.22138872,-97.44292873]"
"Legends Craft Brewery",Anaheim,"[33.815952,-117.89795]"
"Flying Goose Brew Pub & Grille","New London","[43.39957495,-71.9602896]"
Kroger,Houston,"[29.770344,-95.599036]"
"Old Market Pub & Brewery",Portland,"[45.465916,-122.748024]"
"Devil's Canyon Brewing Company","San Carlos","[37.49845,-122.243632]"
"Grist Iron Brewing Company",Burdett,"[42.47092786,-76.86581548]"
"City Steam Brewery",Hartford,"[41.768112,-72.673065]"
"Whip In Convenience Store & Pub",Austin,"[30.23795672,-97.73943965]"
"Ram Restaurant & Brewery - Tacoma",Tacoma,"[47.2793478,-122.475373]"
"Mother Earth Brew Co.",Vista,"[33.20242453,-117.2423704]"
"Spyhouse Coffee",Minneapolis,"[44.99888899,-93.2463878]"
"Broadway Grill & Brewery",Portland,"[45.5348,-122.64815]"
"Boulevard Brewing Co","Kansas City","[39.0821,-94.5965]"
"Robert Mondavi Winery",Oakville,"[38.5132,-122.4366]"
Kroger,Houston,"[29.753689,-95.604916]"
"Foppiano Vineyards",Healdsburg,"[38.589035,-122.84981]"
"Hailey's Harp Pub",Metuchen,"[40.54121601,-74.36098337]"
"HopFusion Ale Works","Fort Worth","[32.74157,-97.32472]"
"Offbeat Brewing Company",Escondido,"[33.10856433,-117.116704]"
"Milwaukee Ale House",Milwaukee,"[43.03351,-87.9097]"
"Brick & Barrel",Cleveland,"[41.48949,-81.700787]"
"Nevin's Brewing Company",Plainfield,"[41.65755,-88.20254]"
"Lennie's  (Bloomington Brewing Company)",Bloomington,"[39.17169277,-86.5113176]"
"Rochester Mills Beer Company",Rochester,"[42.6802,-83.1314]"
"O.H.S.O. Eatery + Distillery",Scottsdale,"[33.6276,-111.89348]"
"BJ's Restaurant and Brewhouse","Huntington Beach","[33.658108,-118.000946]"
"North Mountain Brewing Company",Phoenix,"[33.567978,-112.066376]"
"coop ale works","Oklahoma City","[35.523353,-97.53115698]"
"Nosh On Seventh",Portland,"[45.508,-122.6586]"
"Maui Brewing Co. Brewery",Lahaina,"[20.88026521,-156.6781282]"
"BJ's Restaurant and Brewhouse",Miamisburg,"[39.59796,-84.23268]"
"Concrete Beach Brewery",Lutz,"[25.80017911,-80.20075968]"
"Granite City",Lincoln,"[40.81458671,-96.63502067]"
"Uptown Market",Portland,"[45.47245,-122.77138]"
"Fogbelt Brewing Company","Santa Rosa","[38.449013,-122.72667]"
"Dryhop Brewers",Chicago,"[41.93938,-87.64401]"
"Glacier Brewhouse",Anchorage,"[61.217567,-149.89629]"
"Bayou Teche Brewing",Arnaudville,"[30.38991,-91.92611]"
"BJ'S Restaurant & Brewhouse","Fort Worth","[32.9099,-97.316]"
"BJ's Restaurant and Brewhouse",Chandler,"[33.3055925,-111.8968812]"
"On The Tracks Brewery",Carlsbad,"[33.13867788,-117.2735811]"
"Engrained Brewing Company",Springfield,"[39.76,-89.7178]"
"Druthers Brew Pub","Saratoga Springs","[43.08091327,-73.78625449]"
"The Craft Bar",Destin,"[30.223373,-85.8668]"
Uberbrew,Billings,"[45.78425,-108.49936]"
"Granite City Food & Brewery",Franklin,"[35.933685,-86.82152]"
"5 Seasons Brewing Llc",Alpharetta,"[34.0638,-84.2533]"
"Newport Beach Brewing Co.","Newport Beach","[33.614117,-117.92985]"
"Rocket Republic Brewing Company, Inc.",Madison,"[34.6731,-86.7735]"
"Dry Dock Brewing Co - South Dock",Aurora,"[39.653,-104.8119]"
"Three Notch'd Brewing Company",Harrisonburg,"[38.44874,-78.86577]"
